,zcode,RMSD_median,RMSD_std,RMSD_max,SER135:B,HIS51:B,ASP75:B,GLY151:B,TYR161:B,ASP129:B,ASP83:A
x0559_0B,Z1198149728,0.16,0.05,0.3,3.97,5.66,8.63,3.45,4.84,6.49,9.73
x0435_0B,Z362020366,0.2,0.04,0.36,3.87,6.58,9.43,3.59,4.36,5.62,10.57
x0422_0B,Z119990326,0.21,0.06,0.46,3.72,6.83,9.42,3.58,4.37,6.33,10.23
x0465_0B,Z31113727,0.37,0.18,0.64,3.88,7.03,10.07,4.43,3.88,5.36,9.89
x0846_0B,Z1587220559,0.44,0.53,1.91,3.99,4.83,10.21,6.26,9.6,12.41,10.4
x0404_0B,Z425338146,0.55,0.18,0.8,4.08,3.53,4.19,4.73,6.76,10.11,3.81
x0727_0B,Z1216833237,0.56,0.18,0.9,3.79,6.09,8.97,3.54,4.11,5.5,9.89
x1098_0B,Z396117078,0.57,0.16,0.89,3.54,3.97,4.8,3.38,4.51,6.71,4.64
x0443_0B,Z56791928,0.57,0.22,0.83,3.64,5.47,8.53,3.46,4.92,6.4,9.28
x0773_1B,Z1269220427,0.58,0.23,0.77,16.25,11.05,9.56,16.74,23.21,27.28,14.37
x0455_0B,Z212053854,0.6,0.3,0.97,3.79,5.57,8.55,3.76,4.4,5.8,9.08
x0969_1B,Z2509342103,0.62,0.23,0.83,9.36,4.04,3.61,8.25,12.37,17.51,3.83
x0945_0B,Z228587394,0.62,0.18,1.15,3.63,5.79,8.99,3.6,3.58,5.2,9.54
x0553_0B,Z57493554,0.63,0.24,0.93,3.97,7.19,10.11,4.07,4.06,6.19,9.96
x0605_0B,Z1269221363,0.64,0.19,0.97,7.1,8.39,10.97,5.95,4.34,6.25,8.79
x0773_0B,Z1269220427,0.65,0.22,1.41,3.83,5.54,8.82,3.53,4.21,5.92,9.15
x0589_0B,Z1269184291,0.65,0.26,0.94,4.19,6.87,9.82,3.99,4.05,5.97,9.87
x0969_0B,Z2509342103,0.66,0.2,0.91,3.68,6.57,9.57,3.49,3.69,5.5,11.08
x0472_0B,Z270834034,0.67,0.16,1.22,3.85,4.87,7.64,3.49,4.34,6.19,4.08
x0693_0B,Z1165350851,0.71,0.29,1.52,3.98,5.8,8.51,3.78,4.3,6.06,9.09
x0990_0B,Z270760338,0.73,0.17,1.07,4.15,6.93,9.85,3.55,3.63,4.39,9.51
x0051_0B,Z1201620232,0.73,0.29,1.16,4.38,4.62,7.92,3.98,3.98,5.88,9.07
x0229_0B,Z238590196 ,0.73,0.14,1.04,3.84,6.76,9.65,3.61,3.88,4.09,9.23
x0846_1B,Z1587220559,0.76,0.31,1.55,10.71,14.52,17.92,10.9,6.99,3.59,16.52
x0386_0B,Z1962142017,0.79,0.24,1.66,4.23,7.06,9.62,3.82,4.32,6.27,10.42
x0904_0B,Z19755216,0.8,0.29,1.78,4.11,6.57,9.36,3.62,3.76,4.34,11.03
x0429_0B,Z57477251,0.82,0.12,1.5,4.23,4.24,7.05,3.48,4.21,5.98,6.45
x0182_0B,POB0087,0.85,0.1,1.16,13.95,13.38,8.34,10.1,14.47,19.01,11.0
x0803_0B,Z1416193393,0.86,0.19,1.12,3.69,6.33,9.47,3.56,3.63,4.45,9.61
x0089_0B,Z336080990,0.9,0.23,1.34,3.6,6.75,9.31,3.45,4.46,6.58,9.41
x0788_1B,Z1328968520,0.91,0.29,1.6,11.18,15.46,18.62,11.34,7.41,3.96,17.79
x0425_0B,Z270758780,0.92,0.28,1.61,3.43,5.65,8.11,3.36,4.61,6.11,7.5
x0680_0B,Z1129283193,0.94,0.19,1.26,4.27,6.78,9.56,3.56,3.93,4.63,9.87
x0951_0B,Z234898257,1.01,0.23,1.58,3.65,3.97,6.19,3.34,4.75,6.48,5.94
x0101_0B,Z68299550,1.01,0.39,2.06,3.86,6.74,9.43,3.58,3.77,4.08,9.91
x0852_0B,Z1619958679,1.05,0.21,1.53,3.55,6.52,9.33,3.54,3.95,4.97,10.08
x0917_0B,Z2048325751,1.13,0.17,1.52,4.49,5.09,8.04,3.74,3.68,4.96,9.7
x0382_0B,Z1333717631,1.18,0.19,1.32,5.81,8.59,11.33,5.05,3.56,4.57,10.58
x0687_0B,Z1148747945,1.23,0.23,1.5,3.68,5.22,8.47,3.64,4.19,5.31,10.06
x0788_0B,Z1328968520,1.27,0.23,1.89,4.5,6.84,9.52,3.98,3.7,4.08,10.77
x0490_0B,Z53833304,1.4,0.25,1.54,3.73,5.6,8.74,3.54,4.72,6.12,9.44
x0800_0B,Z1397964787,1.4,0.59,1.82,3.64,7.13,9.67,3.52,4.29,6.61,9.95
x0227_0B,POB0075,1.6,0.3,1.96,3.76,6.73,9.5,3.53,3.91,6.32,10.38
x0182_1B,POB0087,1.65,0.22,2.03,3.89,6.94,9.47,3.44,3.72,5.86,10.41
x0884_1B,Z18769001,1.87,0.31,2.35,12.55,10.2,5.21,9.31,13.92,18.89,8.2
x0884_0B,Z18769001,1.9,0.69,2.62,3.79,6.93,9.85,3.81,3.88,4.51,10.18
x0788_2B,Z1328968520,2.01,0.26,2.37,12.49,18.48,20.24,12.14,9.3,4.24,21.15
x0917_1B,Z2048325751,2.12,0.59,2.55,4.05,6.75,9.77,3.75,3.84,5.66,8.58
x0990_1B,Z270760338,2.12,0.33,2.35,12.9,18.66,20.42,12.21,8.0,3.45,19.8
